"Country","Name","First year","Other years","Condition","Intervention"
"Afghanistan","anx_trt_cbt_group",0.0413821402439135,0.041085952305069,"Anxiety","In-person group CBT"
"Afghanistan","anx_trt_cbt_internet_individual",1.33248569744409,1.32952381805564,"Anxiety","Individual CBT delivered via internet platform"
"Afghanistan","anx_trt_cbt_internet_self",0.539975024237377,0.538628715424447,"Anxiety","Internet-based guided self help"
"Afghanistan","anxdep_prevention_school",0.000605647687922312,0.000561744649211201,"Anxiety and depression","School-based prevention delivered by teachers"
"Afghanistan","bip_trt_depressed",4.25568035957648,4.22985129443929,"Bipolar, depression","Family-focused treatment for adolescents, plus medication"
"Afghanistan","bip_trt_euthymia",3.75827009194807,3.73244102681089,"Bipolar, euthymia","Family-focused treatment for adolescents, plus medication"
"Afghanistan","bip_trt_manic",7.58767307982209,7.5618440146849,"Bipolar, mania","Family-focused treatment for adolescents, plus medication"
"Afghanistan","dep_screening_school",1.53396309508807e-05,0.000352137006166797,"Mild depression","Indicated prevention"
"Afghanistan","dep_trt_mild_group",0.0661558901948965,0.0410491382733799,"Mild depression","In-person group CBT"
"Afghanistan","dep_trt_mild_internet",1.33248569744409,1.32952381805564,"Mild depression","Individual CBT delivered via internet platform"
"Afghanistan","dep_trt_mild_internet_self",0.539975024237377,0.538628715424447,"Mild depression","Internet-based guided self help"
"Afghanistan","dep_trt_severe",1.74465690215722,1.66849140185612,"Severe depression","Medication and in-person individual CBT"
"Afghanistan","suicide_prevention_hospital",0.0477281286589266,0.0476101029802068,"Suicide","Follow-up prevention in hospitals among those who have self-harmed"
"Afghanistan","suicide_prevention_school",0.113355510819296,0.0018301874679987,"Suicide","Prevention in schools"
"Algeria","anx_trt_cbt_group",0.0606258732717947,0.0601935379507764,"Anxiety","In-person group CBT"
"Algeria","anx_trt_cbt_internet_individual",1.74648038829493,1.74215703508474,"Anxiety","Individual CBT delivered via internet platform"
"Algeria","anx_trt_cbt_internet_self",0.632467966362201,0.630502805812118,"Anxiety","Internet-based guided self help"
"Algeria","anxdep_prevention_school",0.456490905906584,0.456427112574207,"Anxiety and depression","School-based prevention delivered by teachers"
"Algeria","bip_trt_depressed",3.94434325414179,3.90671540974099,"Bipolar, depression","Family-focused treatment for adolescents, plus medication"
"Algeria","bip_trt_euthymia",3.42151786334989,3.38389001894909,"Bipolar, euthymia","Family-focused treatment for adolescents, plus medication"
"Algeria","bip_trt_manic",5.40395713219778,5.36632928779698,"Bipolar, mania","Family-focused treatment for adolescents, plus medication"
"Algeria","dep_screening_school",0.0424042698935159,0.0428977043780371,"Mild depression","Indicated prevention"
"Algeria","dep_trt_mild_group",0.0969226354588699,0.0601399491069081,"Mild depression","In-person group CBT"
"Algeria","dep_trt_mild_internet",1.74648038829493,1.74215703508474,"Mild depression","Individual CBT delivered via internet platform"
"Algeria","dep_trt_mild_internet_self",0.632467966362201,0.630502805812118,"Mild depression","Internet-based guided self help"
"Algeria","dep_trt_severe",2.34767821833205,2.23700589999138,"Severe depression","Medication and in-person individual CBT"
"Algeria","suicide_prevention_hospital",0.0573016684549571,0.0571294195939367,"Suicide","Follow-up prevention in hospitals among those who have self-harmed"
"Algeria","suicide_prevention_school",0.0528036929697676,0.0026812600824777,"Suicide","Prevention in schools"
"Argentina","anx_trt_cbt_group",0.0550538280046957,0.0547864446369329,"Anxiety","In-person group CBT"
"Argentina","anx_trt_cbt_internet_individual",2.53432896471091,2.53165513103329,"Anxiety","Individual CBT delivered via internet platform"
"Argentina","anx_trt_cbt_internet_self",0.567563646769809,0.566348267825432,"Anxiety","Internet-based guided self help"
"Argentina","anxdep_prevention_school",0.00258295190768545,0.00256278109740773,"Anxiety and depression","School-based prevention delivered by teachers"
"Argentina","bip_trt_depressed",3.60443348039922,3.59253593433462,"Bipolar, depression","Family-focused treatment for adolescents, plus medication"
"Argentina","bip_trt_euthymia",3.14333053157581,3.1314329855112,"Bipolar, euthymia","Family-focused treatment for adolescents, plus medication"
"Argentina","bip_trt_manic",6.30900693086802,6.29710938480341,"Bipolar, mania","Family-focused treatment for adolescents, plus medication"
"Argentina","dep_screening_school",0.000221303065475836,0.000671689577657989,"Mild depression","Indicated prevention"
"Argentina","dep_trt_mild_group",0.0665304992568897,0.0547630841246157,"Mild depression","In-person group CBT"
"Argentina","dep_trt_mild_internet",2.53432896471091,2.53165513103329,"Mild depression","Individual CBT delivered via internet platform"
"Argentina","dep_trt_mild_internet_self",0.567563646769809,0.566348267825432,"Mild depression","Internet-based guided self help"
"Argentina","dep_trt_severe",1.03810306462913,1.0031095903416,"Severe depression","Medication and in-person individual CBT"
"Argentina","suicide_prevention_hospital",0.051197124864408,0.0510929158110771,"Suicide","Follow-up prevention in hospitals among those who have self-harmed"
"Argentina","suicide_prevention_school",0.0192729552374118,0.00241878513783624,"Suicide","Prevention in schools"
"Bangladesh","anx_trt_cbt_group",0.0331854679646544,0.0329488157043014,"Anxiety","In-person group CBT"
"Bangladesh","anx_trt_cbt_internet_individual",1.11058730890897,1.10822078630544,"Anxiety","Individual CBT delivered via internet platform"
"Bangladesh","anx_trt_cbt_internet_self",0.466088843767587,0.465013151675074,"Anxiety","Internet-based guided self help"
"Bangladesh","anxdep_prevention_school",0.0497601411689362,0.0497252218931599,"Anxiety and depression","School-based prevention delivered by teachers"
"Bangladesh","bip_trt_depressed",3.40831268721037,3.38771590967046,"Bipolar, depression","Family-focused treatment for adolescents, plus medication"
"Bangladesh","bip_trt_euthymia",2.95447120214796,2.93387442460804,"Bipolar, euthymia","Family-focused treatment for adolescents, plus medication"
"Bangladesh","bip_trt_manic",5.22956010622335,5.20896332868344,"Bipolar, mania","Family-focused treatment for adolescents, plus medication"
"Bangladesh","dep_screening_school",0.00459600723289493,0.00486610403142388,"Mild depression","Indicated prevention"
"Bangladesh","dep_trt_mild_group",0.0530536360218764,0.0329194821744819,"Mild depression","In-person group CBT"
"Bangladesh","dep_trt_mild_internet",1.11058730890897,1.10822078630544,"Mild depression","Individual CBT delivered via internet platform"
"Bangladesh","dep_trt_mild_internet_self",0.466088843767587,0.465013151675074,"Mild depression","Internet-based guided self help"
"Bangladesh","dep_trt_severe",1.45273175715878,1.39215180215503,"Severe depression","Medication and in-person individual CBT"
"Bangladesh","suicide_prevention_hospital",0.0416432037181911,0.0415489179165877,"Suicide","Follow-up prevention in hospitals among those who have self-harmed"
"Bangladesh","suicide_prevention_school",0.101015605719756,0.00146767156941501,"Suicide","Prevention in schools"
"Brazil","anx_trt_cbt_group",1.14795339673198,1.13976710969797,"Anxiety","In-person group CBT"
"Brazil","anx_trt_cbt_internet_individual",12.4531163186504,12.3712534483104,"Anxiety","Individual CBT delivered via internet platform"
"Brazil","anx_trt_cbt_internet_self",5.64438218463484,5.60717178902573,"Anxiety","Internet-based guided self help"
"Brazil","anxdep_prevention_school",0.468094723411506,0.466886794046718,"Anxiety and depression","School-based prevention delivered by teachers"
"Brazil","bip_trt_depressed",23.4068513266487,22.6943665497622,"Bipolar, depression","Family-focused treatment for adolescents, plus medication"
"Brazil","bip_trt_euthymia",22.9457483778253,22.2332636009387,"Bipolar, euthymia","Family-focused treatment for adolescents, plus medication"
"Brazil","bip_trt_manic",48.1209477226748,47.4084629457882,"Bipolar, mania","Family-focused treatment for adolescents, plus medication"
"Brazil","dep_screening_school",0.0424075847237721,0.0517507869244457,"Mild depression","Indicated prevention"
"Brazil","dep_trt_mild_group",1.83523407731247,1.13875240274159,"Mild depression","In-person group CBT"
"Brazil","dep_trt_mild_internet",12.4531163186504,12.3712534483104,"Mild depression","Individual CBT delivered via internet platform"
"Brazil","dep_trt_mild_internet_self",5.64438218463484,5.60717178902573,"Mild depression","Internet-based guided self help"
"Brazil","dep_trt_severe",35.0147660774214,32.9191811908533,"Severe depression","Medication and in-person individual CBT"
"Brazil","suicide_prevention_hospital",0.50642274982536,0.503161210577834,"Suicide","Follow-up prevention in hospitals among those who have self-harmed"
"Brazil","suicide_prevention_school",0.75294666687465,0.0507697696229989,"Suicide","Prevention in schools"
"China","anx_trt_cbt_group",0.364271125654393,0.361673434841076,"Anxiety","In-person group CBT"
"China","anx_trt_cbt_internet_individual",4.45898485764352,4.43300794951034,"Anxiety","Individual CBT delivered via internet platform"
"China","anx_trt_cbt_internet_self",2.05874225050323,2.04693456498815,"Anxiety","Internet-based guided self help"
"China","anxdep_prevention_school",0.459731368434076,0.459348065600812,"Anxiety and depression","School-based prevention delivered by teachers"
"China","bip_trt_depressed",11.0350770341264,10.8089897796899,"Bipolar, depression","Family-focused treatment for adolescents, plus medication"
"China","bip_trt_euthymia",10.5630818896614,10.336994635225,"Bipolar, euthymia","Family-focused treatment for adolescents, plus medication"
"China","bip_trt_manic",24.2494394368588,24.0233521824224,"Bipolar, mania","Family-focused treatment for adolescents, plus medication"
"China","dep_screening_school",0.0424051955874288,0.0453700012951735,"Mild depression","Indicated prevention"
"China","dep_trt_mild_group",0.582360560180477,0.361351445772301,"Mild depression","In-person group CBT"
"China","dep_trt_mild_internet",4.45898485764352,4.43300794951034,"Mild depression","Individual CBT delivered via internet platform"
"China","dep_trt_mild_internet_self",2.05874225050323,2.04693456498815,"Mild depression","Internet-based guided self help"
"China","dep_trt_severe",11.4366403985055,10.7716647403406,"Severe depression","Medication and in-person individual CBT"
"China","suicide_prevention_hospital",0.180663170615148,0.179628211725315,"Suicide","Follow-up prevention in hospitals among those who have self-harmed"
"China","suicide_prevention_school",0.701037609182634,0.0161103762421306,"Suicide","Prevention in schools"
"Colombia","anx_trt_cbt_group",0.00151197046901999,0.00150118830287842,"Anxiety","In-person group CBT"
"Colombia","anx_trt_cbt_internet_individual",1.24328538935416,1.24317756769274,"Anxiety","Individual CBT delivered via internet platform"
"Colombia","anx_trt_cbt_internet_self",0.315452985102521,0.315403975256423,"Anxiety","Internet-based guided self help"
"Colombia","anxdep_prevention_school",0.455860050046388,0.455858459081517,"Anxiety and depression","School-based prevention delivered by teachers"
"Colombia","bip_trt_depressed",2.50623697068017,2.50529855632873,"Bipolar, depression","Family-focused treatment for adolescents, plus medication"
"Colombia","bip_trt_euthymia",2.04513402185676,2.04419560750532,"Bipolar, euthymia","Family-focused treatment for adolescents, plus medication"
"Colombia","bip_trt_manic",2.60562060938714,2.6046821950357,"Bipolar, mania","Family-focused treatment for adolescents, plus medication"
"Colombia","dep_screening_school",0.0424040896786778,0.0424163956188438,"Mild depression","Indicated prevention"
"Colombia","dep_trt_mild_group",0.00241718848215879,0.00149985183141789,"Mild depression","In-person group CBT"
"Colombia","dep_trt_mild_internet",1.24328538935416,1.24317756769274,"Mild depression","Individual CBT delivered via internet platform"
"Colombia","dep_trt_mild_internet_self",0.315452985102521,0.315403975256423,"Mild depression","Internet-based guided self help"
"Colombia","dep_trt_severe",0.506613610140881,0.503853513369674,"Severe depression","Medication and in-person individual CBT"
"Colombia","suicide_prevention_hospital",0.0288953653236528,0.0288910695473261,"Suicide","Follow-up prevention in hospitals among those who have self-harmed"
"Colombia","suicide_prevention_school",0.00134760290293378,6.68689100162527e-05,"Suicide","Prevention in schools"
"Democratic Republic of the Congo","anx_trt_cbt_group",0.000394934995162104,0.000392118634115241,"Anxiety","In-person group CBT"
"Democratic Republic of the Congo","anx_trt_cbt_internet_individual",2.79903781116117,2.7990096475507,"Anxiety","Individual CBT delivered via internet platform"
"Democratic Republic of the Congo","anx_trt_cbt_internet_self",0.349272569561063,0.349259767919941,"Anxiety","Internet-based guided self help"
"Democratic Republic of the Congo","anxdep_prevention_school",0.000167759581047196,0.000167344012280035,"Anxiety and depression","School-based prevention delivered by teachers"
"Democratic Republic of the Congo","bip_trt_depressed",2.81642456189601,2.81617944291059,"Bipolar, depression","Family-focused treatment for adolescents, plus medication"
"Democratic Republic of the Congo","bip_trt_euthymia",2.29722990298461,2.29698478399919,"Bipolar, euthymia","Family-focused treatment for adolescents, plus medication"
"Democratic Republic of the Congo","bip_trt_manic",2.95267084353503,2.95242572454961,"Bipolar, mania","Family-focused treatment for adolescents, plus medication"
"Democratic Republic of the Congo","dep_screening_school",1.52146817947389e-05,1.84290609902935e-05,"Mild depression","Indicated prevention"
"Democratic Republic of the Congo","dep_trt_mild_group",0.000631382914592267,0.000391769540425506,"Mild depression","In-person group CBT"
"Democratic Republic of the Congo","dep_trt_mild_internet",2.79903781116117,2.7990096475507,"Mild depression","Individual CBT delivered via internet platform"
"Democratic Republic of the Congo","dep_trt_mild_internet_self",0.349272569561063,0.349259767919941,"Mild depression","Internet-based guided self help"
"Democratic Republic of the Congo","dep_trt_severe",0.531082293739937,0.530361341295879,"Severe depression","Medication and in-person individual CBT"
"Democratic Republic of the Congo","suicide_prevention_hospital",0.0319911048712034,0.0319899827908205,"Suicide","Follow-up prevention in hospitals among those who have self-harmed"
"Democratic Republic of the Congo","suicide_prevention_school",0.00199903374066899,1.74665267575506e-05,"Suicide","Prevention in schools"
"Egypt","anx_trt_cbt_group",0.520158162275214,0.516448809585821,"Anxiety","In-person group CBT"
"Egypt","anx_trt_cbt_internet_individual",6.12566258442375,6.08856905752982,"Anxiety","Individual CBT delivered via internet platform"
"Egypt","anx_trt_cbt_internet_self",2.7529970651942,2.7361363711515,"Anxiety","Internet-based guided self help"
"Egypt","anxdep_prevention_school",0.0549570502443889,0.054409715901083,"Anxiety and depression","School-based prevention delivered by teachers"
"Egypt","bip_trt_depressed",12.7360068874962,12.4131673251504,"Bipolar, depression","Family-focused treatment for adolescents, plus medication"
"Egypt","bip_trt_euthymia",12.2385966198678,11.915757057522,"Bipolar, euthymia","Family-focused treatment for adolescents, plus medication"
"Egypt","bip_trt_manic",25.6372731668121,25.3144336044662,"Bipolar, mania","Family-focused treatment for adolescents, plus medication"
"Egypt","dep_screening_school",0.00459749181944889,0.00883106340894326,"Mild depression","Indicated prevention"
"Egypt","dep_trt_mild_group",0.831577298971645,0.515989027762638,"Mild depression","In-person group CBT"
"Egypt","dep_trt_mild_internet",6.12566258442375,6.08856905752982,"Mild depression","Individual CBT delivered via internet platform"
"Egypt","dep_trt_mild_internet_self",2.7529970651942,2.7361363711515,"Mild depression","Internet-based guided self help"
"Egypt","dep_trt_severe",16.1542914302395,15.2047445352243,"Severe depression","Medication and in-person individual CBT"
"Egypt","suicide_prevention_hospital",0.247152762216712,0.245674900601414,"Suicide","Follow-up prevention in hospitals among those who have self-harmed"
"Egypt","suicide_prevention_school",0.456796328040204,0.0230046882925865,"Suicide","Prevention in schools"
"Ethiopia","anx_trt_cbt_group",0.0595556538968379,0.0591309505258776,"Anxiety","In-person group CBT"
"Ethiopia","anx_trt_cbt_internet_individual",2.99252000017792,2.98827296646832,"Anxiety","Individual CBT delivered via internet platform"
"Ethiopia","anx_trt_cbt_internet_self",0.654998643931019,0.653068174063018,"Anxiety","Internet-based guided self help"
"Ethiopia","anxdep_prevention_school",0.00079911505654405,0.000736447858218839,"Anxiety and depression","School-based prevention delivered by teachers"
"Ethiopia","bip_trt_depressed",5.28923188368192,5.25226827792944,"Bipolar, depression","Family-focused treatment for adolescents, plus medication"
"Ethiopia","bip_trt_euthymia",4.77003722477051,4.73307361901803,"Bipolar, euthymia","Family-focused treatment for adolescents, plus medication"
"Ethiopia","bip_trt_manic",10.6938482097758,10.6568846040233,"Bipolar, mania","Family-focused treatment for adolescents, plus medication"
"Ethiopia","dep_screening_school",1.53950393565283e-05,0.000500118999523878,"Mild depression","Indicated prevention"
"Ethiopia","dep_trt_mild_group",0.0952116748286629,0.0590783076777681,"Mild depression","In-person group CBT"
"Ethiopia","dep_trt_mild_internet",2.99252000017792,2.98827296646832,"Mild depression","Individual CBT delivered via internet platform"
"Ethiopia","dep_trt_mild_internet_self",0.654998643931019,0.653068174063018,"Mild depression","Internet-based guided self help"
"Ethiopia","dep_trt_severe",2.311833635383,2.20311499874567,"Severe depression","Medication and in-person individual CBT"
"Ethiopia","suicide_prevention_hospital",0.0566333261964105,0.0564641180184918,"Suicide","Follow-up prevention in hospitals among those who have self-harmed"
"Ethiopia","suicide_prevention_school",0.32405423843757,0.00263392820361632,"Suicide","Prevention in schools"
"France","anx_trt_cbt_group",20.6485168843573,20.5012681488921,"Anxiety","In-person group CBT"
"France","anx_trt_cbt_internet_individual",208.288327723529,206.815840368876,"Anxiety","Individual CBT delivered via internet platform"
"France","anx_trt_cbt_internet_self",93.8421420243709,93.1728295904378,"Anxiety","Internet-based guided self help"
"France","anxdep_prevention_school",9.14294730229983,9.12121998309426,"Anxiety and depression","School-based prevention delivered by teachers"
"France","bip_trt_depressed",250.579199775978,237.763562845706,"Bipolar, depression","Family-focused treatment for adolescents, plus medication"
"France","bip_trt_euthymia",250.15803487784,237.342397947568,"Bipolar, euthymia","Family-focused treatment for adolescents, plus medication"
"France","bip_trt_manic",326.564859647308,313.749222717035,"Bipolar, mania","Family-focused treatment for adolescents, plus medication"
"France","dep_screening_school",0.830071230382567,0.998129680267197,"Mild depression","Indicated prevention"
"France","dep_trt_mild_group",33.0108016057225,20.4830163681306,"Mild depression","In-person group CBT"
"France","dep_trt_mild_internet",208.288327723529,206.815840368876,"Mild depression","Individual CBT delivered via internet platform"
"France","dep_trt_mild_internet_self",93.8421420243709,93.1728295904378,"Mild depression","Internet-based guided self help"
"France","dep_trt_severe",621.946305690795,584.252510771863,"Severe depression","Medication and in-person individual CBT"
"France","suicide_prevention_hospital",8.62654659320023,8.56788049367629,"Suicide","Follow-up prevention in hospitals among those who have self-harmed"
"France","suicide_prevention_school",4.49987221826933,0.913208191429904,"Suicide","Prevention in schools"
"Germany","anx_trt_cbt_group",18.0456304662112,17.9169434383871,"Anxiety","In-person group CBT"
"Germany","anx_trt_cbt_internet_individual",182.194463542068,180.907593263827,"Anxiety","Individual CBT delivered via internet platform"
"Germany","anx_trt_cbt_internet_self",82.1162538702623,81.5313128346983,"Anxiety","Internet-based guided self help"
"Germany","anxdep_prevention_school",8.28920002380723,8.27021158141202,"Anxiety and depression","School-based prevention delivered by teachers"
"Germany","bip_trt_depressed",222.417718417302,211.217579950794,"Bipolar, depression","Family-focused treatment for adolescents, plus medication"
"Germany","bip_trt_euthymia",221.996553519164,210.796415052656,"Bipolar, euthymia","Family-focused treatment for adolescents, plus medication"
"Germany","bip_trt_manic",297.837800096056,286.637661629548,"Bipolar, mania","Family-focused treatment for adolescents, plus medication"
"Germany","dep_screening_school",0.753228912503295,0.900102448279601,"Mild depression","Indicated prevention"
"Germany","dep_trt_mild_group",28.8495648625284,17.9009924191049,"Mild depression","In-person group CBT"
"Germany","dep_trt_mild_internet",182.194463542068,180.907593263827,"Mild depression","Individual CBT delivered via internet platform"
"Germany","dep_trt_mild_internet_self",82.1162538702623,81.5313128346983,"Mild depression","Internet-based guided self help"
"Germany","dep_trt_severe",543.59882162858,510.656586707508,"Severe depression","Medication and in-person individual CBT"
"Germany","suicide_prevention_hospital",7.54236600190394,7.49109516444708,"Suicide","Follow-up prevention in hospitals among those who have self-harmed"
"Germany","suicide_prevention_school",4.44515147441013,0.798092068963335,"Suicide","Prevention in schools"
"India","anx_trt_cbt_group",0.0573898197953514,0.0569805614238774,"Anxiety","In-person group CBT"
"India","anx_trt_cbt_internet_individual",1.3580474938826,1.35395491016786,"Anxiety","Individual CBT delivered via internet platform"
"India","anx_trt_cbt_internet_self",0.581649489477988,0.579789224153106,"Anxiety","Internet-based guided self help"
"India","anxdep_prevention_school",0.0500184468545814,0.0499580586465165,"Anxiety and depression","School-based prevention delivered by teachers"
"India","bip_trt_depressed",3.96678873665513,3.93116936999019,"Bipolar, depression","Family-focused treatment for adolescents, plus medication"
"India","bip_trt_euthymia",3.51294725159271,3.47732788492778,"Bipolar, euthymia","Family-focused treatment for adolescents, plus medication"
"India","bip_trt_manic",6.64382658929956,6.60820722263463,"Bipolar, mania","Family-focused treatment for adolescents, plus medication"
"India","dep_screening_school",0.00459608102236135,0.00506317724084432,"Mild depression","Indicated prevention"
"India","dep_trt_mild_group",0.0917491539979663,0.0569298330149215,"Mild depression","In-person group CBT"
"India","dep_trt_mild_internet",1.3580474938826,1.35395491016786,"Mild depression","Individual CBT delivered via internet platform"
"India","dep_trt_mild_internet_self",0.581649489477988,0.579789224153106,"Mild depression","Internet-based guided self help"
"India","dep_trt_severe",2.18128835343255,2.07652343932682,"Severe depression","Medication and in-person individual CBT"
"India","suicide_prevention_hospital",0.0517250452833098,0.0515619906242933,"Suicide","Follow-up prevention in hospitals among those who have self-harmed"
"India","suicide_prevention_school",0.119454495021574,0.00253814130260872,"Suicide","Prevention in schools"
"Indonesia","anx_trt_cbt_group",0.000212441098054391,0.000210926137768161,"Anxiety","In-person group CBT"
"Indonesia","anx_trt_cbt_internet_individual",1.24059745621653,1.24058230661367,"Anxiety","Individual CBT delivered via internet platform"
"Indonesia","anx_trt_cbt_internet_self",0.326386892313714,0.326380006130594,"Anxiety","Internet-based guided self help"
"Indonesia","anxdep_prevention_school",0.0494082573270489,0.0494080337867542,"Anxiety and depression","School-based prevention delivered by teachers"
"Indonesia","bip_trt_depressed",2.61843860921266,2.61830675625697,"Bipolar, depression","Family-focused treatment for adolescents, plus medication"
"Indonesia","bip_trt_euthymia",2.13192053722575,2.13178868427006,"Bipolar, euthymia","Family-focused treatment for adolescents, plus medication"
"Indonesia","bip_trt_manic",2.69152571763315,2.69139386467746,"Bipolar, mania","Family-focused treatment for adolescents, plus medication"
"Indonesia","dep_screening_school",0.00459590671121702,0.00459763577107302,"Mild depression","Indicated prevention"
"Indonesia","dep_trt_mild_group",0.00033962976518125,0.000210738355354144,"Mild depression","In-person group CBT"
"Indonesia","dep_trt_mild_internet",1.24059745621653,1.24058230661367,"Mild depression","Individual CBT delivered via internet platform"
"Indonesia","dep_trt_mild_internet_self",0.326386892313714,0.326380006130594,"Mild depression","Internet-based guided self help"
"Indonesia","dep_trt_severe",0.492912598243583,0.492524787766576,"Severe depression","Medication and in-person individual CBT"
"Indonesia","suicide_prevention_hospital",0.0299120177786107,0.029911414195764,"Suicide","Follow-up prevention in hospitals among those who have self-harmed"
"Indonesia","suicide_prevention_school",0.000441637536885818,9.39549082513544e-06,"Suicide","Prevention in schools"
"Iran (Islamic Republic of)","anx_trt_cbt_group",0.000380351164034196,0.000377638803226374,"Anxiety","In-person group CBT"
"Iran (Islamic Republic of)","anx_trt_cbt_internet_individual",0.95827725170583,0.958250128097752,"Anxiety","Individual CBT delivered via internet platform"
"Iran (Islamic Republic of)","anx_trt_cbt_internet_self",0.314959072492993,0.31494674358023,"Anxiety","Internet-based guided self help"
"Iran (Islamic Republic of)","anxdep_prevention_school",0.455847973552768,0.455847573329779,"Anxiety and depression","School-based prevention delivered by teachers"
"Iran (Islamic Republic of)","bip_trt_depressed",2.52018644270584,2.51995037527051,"Bipolar, depression","Family-focused treatment for adolescents, plus medication"
"Iran (Islamic Republic of)","bip_trt_euthymia",2.05182203012143,2.0515859626861,"Bipolar, euthymia","Family-focused treatment for adolescents, plus medication"
"Iran (Islamic Republic of)","bip_trt_manic",2.58355423685097,2.58331816941564,"Bipolar, mania","Family-focused treatment for adolescents, plus medication"
"Iran (Islamic Republic of)","dep_screening_school",0.0424040862288195,0.0424071819100927,"Mild depression","Indicated prevention"
"Iran (Islamic Republic of)","dep_trt_mild_group",0.000608067731293101,0.000377302600578155,"Mild depression","In-person group CBT"
"Iran (Islamic Republic of)","dep_trt_mild_internet",0.95827725170583,0.958250128097752,"Mild depression","Individual CBT delivered via internet platform"
"Iran (Islamic Republic of)","dep_trt_mild_internet_self",0.314959072492993,0.31494674358023,"Mild depression","Internet-based guided self help"
"Iran (Islamic Republic of)","dep_trt_severe",0.479813070718115,0.479118741006467,"Severe depression","Medication and in-person individual CBT"
"Iran (Islamic Republic of)","suicide_prevention_hospital",0.0288691391074979,0.0288680584623664,"Suicide","Follow-up prevention in hospitals among those who have self-harmed"
"Iran (Islamic Republic of)","suicide_prevention_school",0.000235109168168247,1.68215373802009e-05,"Suicide","Prevention in schools"
"Iraq","anx_trt_cbt_group",0.00528178555387821,0.00524412007658688,"Anxiety","In-person group CBT"
"Iraq","anx_trt_cbt_internet_individual",1.35606548387707,1.35568882910415,"Anxiety","Individual CBT delivered via internet platform"
"Iraq","anx_trt_cbt_internet_self",0.357035228726335,0.356864022011374,"Anxiety","Internet-based guided self help"
"Iraq","anxdep_prevention_school",0.455900281021258,0.45589472328356,"Anxiety and depression","School-based prevention delivered by teachers"
"Iraq","bip_trt_depressed",2.75849990475835,2.75522173004095,"Bipolar, depression","Family-focused treatment for adolescents, plus medication"
"Iraq","bip_trt_euthymia",2.26108963712994,2.25781146241255,"Bipolar, euthymia","Family-focused treatment for adolescents, plus medication"
"Iraq","bip_trt_manic",2.91072814249678,2.90744996777938,"Bipolar, mania","Family-focused treatment for adolescents, plus medication"
"Iraq","dep_screening_school",0.0424041011713484,0.0424470896677029,"Mild depression","Indicated prevention"
"Iraq","dep_trt_mild_group",0.00844399508301399,0.00523945136393802,"Mild depression","In-person group CBT"
"Iraq","dep_trt_mild_internet",1.35606548387707,1.35568882910415,"Mild depression","Individual CBT delivered via internet platform"
"Iraq","dep_trt_mild_internet_self",0.357035228726335,0.356864022011374,"Mild depression","Internet-based guided self help"
"Iraq","dep_trt_severe",0.656393236158108,0.646751355213889,"Severe depression","Medication and in-person individual CBT"
"Iraq","suicide_prevention_hospital",0.0326912433941531,0.0326762369044035,"Suicide","Follow-up prevention in hospitals among those who have self-harmed"
"Iraq","suicide_prevention_school",0.00428000653810209,0.000233594008721844,"Suicide","Prevention in schools"
"Italy","anx_trt_cbt_group",18.7861250009284,18.6521573573358,"Anxiety","In-person group CBT"
"Italy","anx_trt_cbt_internet_individual",189.277117222573,187.937440786647,"Anxiety","Individual CBT delivered via internet platform"
"Italy","anx_trt_cbt_internet_self",85.4957203280858,84.886776493574,"Anxiety","Internet-based guided self help"
"Italy","anxdep_prevention_school",8.80093680558009,8.78116918077599,"Anxiety and depression","School-based prevention delivered by teachers"
"Italy","bip_trt_depressed",232.974626568747,221.314895330567,"Bipolar, depression","Family-focused treatment for adolescents, plus medication"
"Italy","bip_trt_euthymia",232.553461670609,220.893730432429,"Bipolar, euthymia","Family-focused treatment for adolescents, plus medication"
"Italy","bip_trt_manic",315.854360549369,304.194629311189,"Bipolar, mania","Family-focused treatment for adolescents, plus medication"
"Italy","dep_screening_school",0.800099478878264,0.952999905803681,"Mild depression","Indicated prevention"
"Italy","dep_trt_mild_group",30.0333941085984,18.6355517949706,"Mild depression","In-person group CBT"
"Italy","dep_trt_mild_internet",189.277117222573,187.937440786647,"Mild depression","Individual CBT delivered via internet platform"
"Italy","dep_trt_mild_internet_self",85.4957203280858,84.886776493574,"Mild depression","Internet-based guided self help"
"Italy","dep_trt_severe",565.887878635622,531.593873546914,"Severe depression","Medication and in-person individual CBT"
"Italy","suicide_prevention_hospital",7.85080427908132,7.79742956528729,"Suicide","Follow-up prevention in hospitals among those who have self-harmed"
"Italy","suicide_prevention_school",4.75882720526278,0.830841427118212,"Suicide","Prevention in schools"
"Japan","anx_trt_cbt_group",0.153235070884306,0.152142320710383,"Anxiety","In-person group CBT"
"Japan","anx_trt_cbt_internet_individual",3.10530125546526,3.09437375372602,"Anxiety","Individual CBT delivered via internet platform"
"Japan","anx_trt_cbt_internet_self",0.975721230553847,0.97075418430874,"Anxiety","Internet-based guided self help"
"Japan","anxdep_prevention_school",4.27945949759255,4.27929825660283,"Anxiety and depression","School-based prevention delivered by teachers"
"Japan","bip_trt_depressed",4.09843431795206,4.00332796990604,"Bipolar, depression","Family-focused treatment for adolescents, plus medication"
"Japan","bip_trt_euthymia",3.67726941981414,3.58216307176812,"Bipolar, euthymia","Family-focused treatment for adolescents, plus medication"
"Japan","bip_trt_manic",4.69912713358056,4.60402078553454,"Bipolar, mania","Family-focused treatment for adolescents, plus medication"
"Japan","dep_screening_school",0.3979376013765,0.399184782887162,"Mild depression","Indicated prevention"
"Japan","dep_trt_mild_group",0.244977038899717,0.152006872099986,"Mild depression","In-person group CBT"
"Japan","dep_trt_mild_internet",3.10530125546526,3.09437375372602,"Mild depression","Individual CBT delivered via internet platform"
"Japan","dep_trt_mild_internet_self",0.975721230553847,0.97075418430874,"Mild depression","Internet-based guided self help"
"Japan","dep_trt_severe",5.03357602379566,4.75384594106623,"Severe depression","Medication and in-person individual CBT"
"Japan","suicide_prevention_hospital",0.0896444063035591,0.0892090382832114,"Suicide","Follow-up prevention in hospitals among those who have self-harmed"
"Japan","suicide_prevention_school",0.0246709339033122,0.00677702532969335,"Suicide","Prevention in schools"
"Kenya","anx_trt_cbt_group",0.053397009645982,0.0530162248084059,"Anxiety","In-person group CBT"
"Kenya","anx_trt_cbt_internet_individual",1.9667668910027,1.96295904262694,"Anxiety","Individual CBT delivered via internet platform"
"Kenya","anx_trt_cbt_internet_self",0.598067642214026,0.596336802043225,"Anxiety","Internet-based guided self help"
"Kenya","anxdep_prevention_school",0.0499758361054691,0.0499196493158948,"Anxiety and depression","School-based prevention delivered by teachers"
"Kenya","bip_trt_depressed",3.83277639269129,3.79963518973625,"Bipolar, depression","Family-focused treatment for adolescents, plus medication"
"Kenya","bip_trt_euthymia",3.31358173377989,3.28044053082484,"Bipolar, euthymia","Family-focused treatment for adolescents, plus medication"
"Kenya","bip_trt_manic",5.25060996586194,5.2174687629069,"Bipolar, mania","Family-focused treatment for adolescents, plus medication"
"Kenya","dep_screening_school",0.00459606884986723,0.00503066755348534,"Mild depression","Indicated prevention"
"Kenya","dep_trt_mild_group",0.0853658449967277,0.0529690257519878,"Mild depression","In-person group CBT"
"Kenya","dep_trt_mild_internet",1.9667668910027,1.96295904262694,"Mild depression","Individual CBT delivered via internet platform"
"Kenya","dep_trt_mild_internet_self",0.598067642214026,0.596336802043225,"Mild depression","Internet-based guided self help"
"Kenya","dep_trt_severe",2.12645701697779,2.02898096375071,"Severe depression","Medication and in-person individual CBT"
"Kenya","suicide_prevention_hospital",0.0540680653694582,0.0539163549924023,"Suicide","Follow-up prevention in hospitals among those who have self-harmed"
"Kenya","suicide_prevention_school",0.0746206402111895,0.00236155394983905,"Suicide","Prevention in schools"
"Mexico","anx_trt_cbt_group",0.318671294047983,0.316398784824176,"Anxiety","In-person group CBT"
"Mexico","anx_trt_cbt_internet_individual",4.35529529181046,4.33257019957238,"Anxiety","Individual CBT delivered via internet platform"
"Mexico","anx_trt_cbt_internet_self",1.78913902410323,1.77880943672229,"Anxiety","Internet-based guided self help"
"Mexico","anxdep_prevention_school",0.459244732978982,0.458909412385923,"Anxiety and depression","School-based prevention delivered by teachers"
"Mexico","bip_trt_depressed",7.98070628517285,7.78292086419121,"Bipolar, depression","Family-focused treatment for adolescents, plus medication"
"Mexico","bip_trt_euthymia",7.51960333634944,7.3218179153678,"Bipolar, euthymia","Family-focused treatment for adolescents, plus medication"
"Mexico","bip_trt_manic",14.0075474391853,13.8097620182037,"Bipolar, mania","Family-focused treatment for adolescents, plus medication"
"Mexico","dep_screening_school",0.0424050565716325,0.0449987248723812,"Mild depression","Indicated prevention"
"Mexico","dep_trt_mild_group",0.509460070385304,0.316117102675937,"Mild depression","In-person group CBT"
"Mexico","dep_trt_mild_internet",4.35529529181046,4.33257019957238,"Mild depression","Individual CBT delivered via internet platform"
"Mexico","dep_trt_mild_internet_self",1.78913902410323,1.77880943672229,"Mild depression","Internet-based guided self help"
"Mexico","dep_trt_severe",10.0531827097576,9.47144938374347,"Severe depression","Medication and in-person individual CBT"
"Mexico","suicide_prevention_hospital",0.161001776335579,0.160096374656768,"Suicide","Follow-up prevention in hospitals among those who have self-harmed"
"Mexico","suicide_prevention_school",0.225446819008945,0.0140936628876551,"Suicide","Prevention in schools"
"Morocco","anx_trt_cbt_group",0.497404561870846,0.493857469691764,"Anxiety","In-person group CBT"
"Morocco","anx_trt_cbt_internet_individual",6.35583491371341,6.32036399192259,"Anxiety","Individual CBT delivered via internet platform"
"Morocco","anx_trt_cbt_internet_self",2.6737983793584,2.65767523308984,"Anxiety","Internet-based guided self help"
"Morocco","anxdep_prevention_school",0.0547142267887368,0.0541908348303408,"Anxiety and depression","School-based prevention delivered by teachers"
"Morocco","bip_trt_depressed",12.9354251492616,12.6267077576882,"Bipolar, depression","Family-focused treatment for adolescents, plus medication"
"Morocco","bip_trt_euthymia",12.4380148816332,12.1292974900598,"Bipolar, euthymia","Family-focused treatment for adolescents, plus medication"
"Morocco","bip_trt_manic",27.109537158154,26.8008197665806,"Bipolar, mania","Family-focused treatment for adolescents, plus medication"
"Morocco","dep_screening_school",0.00459742245274803,0.00864580230015902,"Mild depression","Indicated prevention"
"Morocco","dep_trt_mild_group",0.795201098541797,0.493417800389419,"Mild depression","In-person group CBT"
"Morocco","dep_trt_mild_internet",6.35583491371341,6.32036399192259,"Mild depression","Individual CBT delivered via internet platform"
"Morocco","dep_trt_mild_internet_self",2.6737983793584,2.65767523308984,"Mild depression","Internet-based guided self help"
"Morocco","dep_trt_severe",15.4694027879188,14.5613925103814,"Severe depression","Medication and in-person individual CBT"
"Morocco","suicide_prevention_hospital",0.237675202316847,0.236261987716795,"Suicide","Follow-up prevention in hospitals among those who have self-harmed"
"Morocco","suicide_prevention_school",0.544819578318087,0.0219983799756181,"Suicide","Prevention in schools"
"Mozambique","anx_trt_cbt_group",0.0325366466610553,0.0323046212761837,"Anxiety","In-person group CBT"
"Mozambique","anx_trt_cbt_internet_individual",1.3817049278201,1.37938467397138,"Anxiety","Individual CBT delivered via internet platform"
"Mozambique","anx_trt_cbt_internet_self",0.514016251941232,0.512961591100907,"Anxiety","Internet-based guided self help"
"Mozambique","anxdep_prevention_school",0.000510771735545,0.000476535179387333,"Anxiety and depression","School-based prevention delivered by teachers"
"Mozambique","bip_trt_depressed",3.97671429480285,3.95652021244469,"Bipolar, depression","Family-focused treatment for adolescents, plus medication"
"Mozambique","bip_trt_euthymia",3.45751963589145,3.43732555353329,"Bipolar, euthymia","Family-focused treatment for adolescents, plus medication"
"Mozambique","bip_trt_manic",6.4499715171303,6.42977743477213,"Bipolar, mania","Family-focused treatment for adolescents, plus medication"
"Mozambique","dep_screening_school",1.53126691224019e-05,0.000280128705689333,"Mild depression","Indicated prevention"
"Mozambique","dep_trt_mild_group",0.0520163648488121,0.0322758612570067,"Mild depression","In-person group CBT"
"Mozambique","dep_trt_mild_internet",1.3817049278201,1.37938467397138,"Mild depression","Individual CBT delivered via internet platform"
"Mozambique","dep_trt_mild_internet_self",0.514016251941232,0.512961591100907,"Mild depression","Internet-based guided self help"
"Mozambique","dep_trt_severe",1.49855525949057,1.43915972549361,"Severe depression","Medication and in-person individual CBT"
"Mozambique","suicide_prevention_hospital",0.0453790958785185,0.0452866534933398,"Suicide","Follow-up prevention in hospitals among those who have self-harmed"
"Mozambique","suicide_prevention_school",0.0922084110442679,0.00143897658214114,"Suicide","Prevention in schools"
"Nigeria","anx_trt_cbt_group",0.0202453369313827,0.0201009633534202,"Anxiety","In-person group CBT"
"Nigeria","anx_trt_cbt_internet_individual",2.08746669155747,2.08602295577785,"Anxiety","Individual CBT delivered via internet platform"
"Nigeria","anx_trt_cbt_internet_self",0.444172031346243,0.44351578781005,"Anxiety","Internet-based guided self help"
"Nigeria","anxdep_prevention_school",0.0496220457783936,0.0496007427036791,"Anxiety and depression","School-based prevention delivered by teachers"
"Nigeria","bip_trt_depressed",3.16751173906556,3.15494633840765,"Bipolar, depression","Family-focused treatment for adolescents, plus medication"
"Nigeria","bip_trt_euthymia",2.64468634827366,2.63212094761575,"Bipolar, euthymia","Family-focused treatment for adolescents, plus medication"
"Nigeria","bip_trt_manic",3.64353880857747,3.63097340791956,"Bipolar, mania","Family-focused treatment for adolescents, plus medication"
"Nigeria","dep_screening_school",0.004595967783569,0.00476074474847817,"Mild depression","Indicated prevention"
"Nigeria","dep_trt_mild_group",0.0323662374700226,0.020083067954289,"Mild depression","In-person group CBT"
"Nigeria","dep_trt_mild_internet",2.08746669155747,2.08602295577785,"Mild depression","Individual CBT delivered via internet platform"
"Nigeria","dep_trt_mild_internet_self",0.444172031346243,0.44351578781005,"Mild depression","Internet-based guided self help"
"Nigeria","dep_trt_severe",1.13221472161619,1.09525693028279,"Severe depression","Medication and in-person individual CBT"
"Nigeria","suicide_prevention_hospital",0.0404819588198394,0.0404244382260862,"Suicide","Follow-up prevention in hospitals among those who have self-harmed"
"Nigeria","suicide_prevention_school",0.0213687992591612,0.000895377020419473,"Suicide","Prevention in schools"
"Pakistan","anx_trt_cbt_group",0.0342466248234957,0.0340024052397137,"Anxiety","In-person group CBT"
"Pakistan","anx_trt_cbt_internet_individual",1.69175554323991,1.68931334740209,"Anxiety","Individual CBT delivered via internet platform"
"Pakistan","anx_trt_cbt_internet_self",0.495775143516236,0.494665054499045,"Anxiety","Internet-based guided self help"
"Pakistan","anxdep_prevention_school",0.0497714656965218,0.0497354298226903,"Anxiety and depression","School-based prevention delivered by teachers"
"Pakistan","bip_trt_depressed",3.57828378737214,3.55702839589375,"Bipolar, depression","Family-focused treatment for adolescents, plus medication"
"Pakistan","bip_trt_euthymia",3.08087351974374,3.05961812826534,"Bipolar, euthymia","Family-focused treatment for adolescents, plus medication"
"Pakistan","bip_trt_manic",5.18896484043915,5.16770944896076,"Bipolar, mania","Family-focused treatment for adolescents, plus medication"
"Pakistan","dep_screening_school",0.00459601046794121,0.0048747440309303,"Mild depression","Indicated prevention"
"Pakistan","dep_trt_mild_group",0.0547501083998176,0.0339721337247377,"Mild depression","In-person group CBT"
"Pakistan","dep_trt_mild_internet",1.69175554323991,1.68931334740209,"Mild depression","Individual CBT delivered via internet platform"
"Pakistan","dep_trt_mild_internet_self",0.495775143516236,0.494665054499045,"Mild depression","Internet-based guided self help"
"Pakistan","dep_trt_severe",1.52824160695919,1.4657245138434,"Severe depression","Medication and in-person individual CBT"
"Pakistan","suicide_prevention_hospital",0.0447559713619998,0.0446586706255107,"Suicide","Follow-up prevention in hospitals among those who have self-harmed"
"Pakistan","suicide_prevention_school",0.0625604581043687,0.00151460264641745,"Suicide","Prevention in schools"
"Philippines","anx_trt_cbt_group",0.0660342064246049,0.0655633031898626,"Anxiety","In-person group CBT"
"Philippines","anx_trt_cbt_internet_individual",1.71494899867897,1.71023996633155,"Anxiety","Individual CBT delivered via internet platform"
"Philippines","anx_trt_cbt_internet_self",0.632807047830974,0.630666578582146,"Anxiety","Internet-based guided self help"
"Philippines","anxdep_prevention_school",0.0217436622086072,0.0216741779793277,"Anxiety and depression","School-based prevention delivered by teachers"
"Philippines","bip_trt_depressed",4.23934121363161,4.19835665191921,"Bipolar, depression","Family-focused treatment for adolescents, plus medication"
"Philippines","bip_trt_euthymia",3.7673460691667,3.7263615074543,"Bipolar, euthymia","Family-focused treatment for adolescents, plus medication"
"Philippines","bip_trt_manic",7.15443012342103,7.11344556170863,"Bipolar, mania","Family-focused treatment for adolescents, plus medication"
"Philippines","dep_screening_school",0.00195731329077824,0.00249476624360934,"Mild depression","Indicated prevention"
"Philippines","dep_trt_mild_group",0.105568942296545,0.065504933774511,"Mild depression","In-person group CBT"
"Philippines","dep_trt_mild_internet",1.71494899867897,1.71023996633155,"Mild depression","Individual CBT delivered via internet platform"
"Philippines","dep_trt_mild_internet_self",0.632807047830974,0.630666578582146,"Mild depression","Internet-based guided self help"
"Philippines","dep_trt_severe",2.45964005257335,2.33909484109188,"Severe depression","Medication and in-person individual CBT"
"Philippines","suicide_prevention_hospital",0.0564385109516536,0.0562508960567056,"Suicide","Follow-up prevention in hospitals among those who have self-harmed"
"Philippines","suicide_prevention_school",0.125710376765661,0.00292045082749774,"Suicide","Prevention in schools"
"Russian Federation","anx_trt_cbt_group",0.132780591680381,0.131833706520117,"Anxiety","In-person group CBT"
"Russian Federation","anx_trt_cbt_internet_individual",2.1851553516988,2.17568650009616,"Anxiety","Individual CBT delivered via internet platform"
"Russian Federation","anx_trt_cbt_internet_self",0.91615060661315,0.911846583157403,"Anxiety","Internet-based guided self help"
"Russian Federation","anxdep_prevention_school",0.0224559709259994,0.0223162530801172,"Anxiety and depression","School-based prevention delivered by teachers"
"Russian Federation","bip_trt_depressed",4.59756685104474,4.5151557091747,"Bipolar, depression","Family-focused treatment for adolescents, plus medication"
"Russian Federation","bip_trt_euthymia",4.14735609786282,4.06494495599279,"Bipolar, euthymia","Family-focused treatment for adolescents, plus medication"
"Russian Federation","bip_trt_manic",6.81621064168353,6.7337994998135,"Bipolar, mania","Family-focused treatment for adolescents, plus medication"
"Russian Federation","dep_screening_school",0.00195751677402737,0.00303821910909308,"Mild depression","Indicated prevention"
"Russian Federation","dep_trt_mild_group",0.21227644549968,0.131716338175344,"Mild depression","In-person group CBT"
"Russian Federation","dep_trt_mild_internet",2.1851553516988,2.17568650009616,"Mild depression","Individual CBT delivered via internet platform"
"Russian Federation","dep_trt_mild_internet_self",0.91615060661315,0.911846583157403,"Mild depression","Internet-based guided self help"
"Russian Federation","dep_trt_severe",4.44693731717066,4.20454681425728,"Severe depression","Medication and in-person individual CBT"
"Russian Federation","suicide_prevention_hospital",0.0829050088660898,0.0825277556497936,"Suicide","Follow-up prevention in hospitals among those who have self-harmed"
"Russian Federation","suicide_prevention_school",0.0758148989187363,0.00587239871340557,"Suicide","Prevention in schools"
"South Africa","anx_trt_cbt_group",0.472275080512035,0.468907191729192,"Anxiety","In-person group CBT"
"South Africa","anx_trt_cbt_internet_individual",6.33158926632989,6.29791037850147,"Anxiety","Individual CBT delivered via internet platform"
"South Africa","anx_trt_cbt_internet_self",2.54056160369923,2.52525301832267,"Anxiety","Internet-based guided self help"
"South Africa","anxdep_prevention_school",0.460883972552833,0.460387022990567,"Anxiety and depression","School-based prevention delivered by teachers"
"South Africa","bip_trt_depressed",10.7660689830223,10.4729483682608,"Bipolar, depression","Family-focused treatment for adolescents, plus medication"
"South Africa","bip_trt_euthymia",10.2468743241109,9.95375370934936,"Bipolar, euthymia","Family-focused treatment for adolescents, plus medication"
"South Africa","bip_trt_manic",19.160905469816,18.8677848550544,"Bipolar, mania","Family-focused treatment for adolescents, plus medication"
"South Africa","dep_screening_school",0.04240552484864,0.0462493756392078,"Mild depression","Indicated prevention"
"South Africa","dep_trt_mild_group",0.755026575197757,0.468489735052915,"Mild depression","In-person group CBT"
"South Africa","dep_trt_mild_internet",6.33158926632989,6.29791037850147,"Mild depression","Individual CBT delivered via internet platform"
"South Africa","dep_trt_mild_internet_self",2.54056160369923,2.52525301832267,"Mild depression","Internet-based guided self help"
"South Africa","dep_trt_severe",14.7347839698549,13.8726474721179,"Severe depression","Medication and in-person individual CBT"
"South Africa","suicide_prevention_hospital",0.228543398363843,0.227201581078312,"Suicide","Follow-up prevention in hospitals among those who have self-harmed"
"South Africa","suicide_prevention_school",0.276821022620188,0.0208869951554988,"Suicide","Prevention in schools"
"Sudan","anx_trt_cbt_group",0.124382081898477,0.123495088204128,"Anxiety","In-person group CBT"
"Sudan","anx_trt_cbt_internet_individual",2.64456844732305,2.63569851037956,"Anxiety","Individual CBT delivered via internet platform"
"Sudan","anx_trt_cbt_internet_self",0.918728621669083,0.914696832149314,"Anxiety","Internet-based guided self help"
"Sudan","anxdep_prevention_school",0.0507333795376177,0.050602498990022,"Anxiety and depression","School-based prevention delivered by teachers"
"Sudan","bip_trt_depressed",6.99847784528831,6.92127929339377,"Bipolar, depression","Family-focused treatment for adolescents, plus medication"
"Sudan","bip_trt_euthymia",6.5010675776599,6.42386902576536,"Bipolar, euthymia","Family-focused treatment for adolescents, plus medication"
"Sudan","bip_trt_manic",15.6399733750633,15.5627748231687,"Bipolar, mania","Family-focused treatment for adolescents, plus medication"
"Sudan","dep_screening_school",0.00459628525519145,0.00560863204960538,"Mild depression","Indicated prevention"
"Sudan","dep_trt_mild_group",0.198849740727282,0.123385143528577,"Mild depression","In-person group CBT"
"Sudan","dep_trt_mild_internet",2.64456844732305,2.63569851037956,"Mild depression","Individual CBT delivered via internet platform"
"Sudan","dep_trt_mild_internet_self",0.918728621669083,0.914696832149314,"Mild depression","Internet-based guided self help"
"Sudan","dep_trt_severe",4.24133974193364,4.0142806890763,"Severe depression","Medication and in-person individual CBT"
"Sudan","suicide_prevention_hospital",0.0823001040859766,0.0819467125258699,"Suicide","Follow-up prevention in hospitals among those who have self-harmed"
"Sudan","suicide_prevention_school",0.226839386682166,0.00550096341993667,"Suicide","Prevention in schools"
"Thailand","anx_trt_cbt_group",0.0957610809779563,0.0950781894095322,"Anxiety","In-person group CBT"
"Thailand","anx_trt_cbt_internet_individual",2.20962552168222,2.20279660599797,"Anxiety","Individual CBT delivered via internet platform"
"Thailand","anx_trt_cbt_internet_self",0.791557675702392,0.788453623118645,"Anxiety","Internet-based guided self help"
"Thailand","anxdep_prevention_school",0.456865864260367,0.456765100046379,"Anxiety and depression","School-based prevention delivered by teachers"
"Thailand","bip_trt_depressed",5.17767875465006,5.11824401399837,"Bipolar, depression","Family-focused treatment for adolescents, plus medication"
"Thailand","bip_trt_euthymia",4.69116068266315,4.63172594201146,"Bipolar, euthymia","Family-focused treatment for adolescents, plus medication"
"Thailand","bip_trt_manic",9.645946452034,9.5865117113823,"Bipolar, mania","Family-focused treatment for adolescents, plus medication"
"Thailand","dep_screening_school",0.0424043770068254,0.0431837772377748,"Mild depression","Indicated prevention"
"Thailand","dep_trt_mild_group",0.153093322073298,0.0949935436083216,"Mild depression","In-person group CBT"
"Thailand","dep_trt_mild_internet",2.20962552168222,2.20279660599797,"Mild depression","Individual CBT delivered via internet platform"
"Thailand","dep_trt_mild_internet_self",0.791557675702392,0.788453623118645,"Mild depression","Internet-based guided self help"
"Thailand","dep_trt_severe",3.36894878943811,3.19413727305589,"Severe depression","Medication and in-person individual CBT"
"Thailand","suicide_prevention_hospital",0.0697109041842383,0.0694388299651243,"Suicide","Follow-up prevention in hospitals among those who have self-harmed"
"Thailand","suicide_prevention_school",0.198275770226588,0.00423516149169538,"Suicide","Prevention in schools"
"Turkey","anx_trt_cbt_group",0.649746851541435,0.645113375791198,"Anxiety","In-person group CBT"
"Turkey","anx_trt_cbt_internet_individual",7.77205156157447,7.7257168040721,"Anxiety","Individual CBT delivered via internet platform"
"Turkey","anx_trt_cbt_internet_self",3.3855500176909,3.36448876428073,"Anxiety","Internet-based guided self help"
"Turkey","anxdep_prevention_school",0.642835750335834,0.642152056813179,"Anxiety and depression","School-based prevention delivered by teachers"
"Turkey","bip_trt_depressed",19.885781938246,19.4825123091206,"Bipolar, depression","Family-focused treatment for adolescents, plus medication"
"Turkey","bip_trt_euthymia",19.442832648825,19.0395630196997,"Bipolar, euthymia","Family-focused treatment for adolescents, plus medication"
"Turkey","bip_trt_manic",50.1288987340919,49.7256291049666,"Bipolar, mania","Family-focused treatment for adolescents, plus medication"
"Turkey","dep_screening_school",0.0591556307446483,0.0644439257490316,"Mild depression","Indicated prevention"
"Turkey","dep_trt_mild_group",1.03875084735146,0.644539047031841,"Mild depression","In-person group CBT"
"Turkey","dep_trt_mild_internet",7.77205156157447,7.7257168040721,"Mild depression","Individual CBT delivered via internet platform"
"Turkey","dep_trt_mild_internet_self",3.3855500176909,3.36448876428073,"Mild depression","Internet-based guided self help"
"Turkey","dep_trt_severe",20.0004800140517,18.8143694227492,"Severe depression","Medication and in-person individual CBT"
"Turkey","suicide_prevention_hospital",0.297791899654582,0.295945853583991,"Suicide","Follow-up prevention in hospitals among those who have self-harmed"
"Turkey","suicide_prevention_school",0.743137034548539,0.0287359208657225,"Suicide","Prevention in schools"
"Uganda","anx_trt_cbt_group",0.000884234497791044,0.00087792884337607,"Anxiety","In-person group CBT"
"Uganda","anx_trt_cbt_internet_individual",2.51955580618746,2.51949274964331,"Anxiety","Individual CBT delivered via internet platform"
"Uganda","anx_trt_cbt_internet_self",0.351486391371486,0.351457729305964,"Anxiety","Internet-based guided self help"
"Uganda","anxdep_prevention_school",0.000172981321517525,0.000172050889308099,"Anxiety and depression","School-based prevention delivered by teachers"
"Uganda","bip_trt_depressed",2.81218408322694,2.81163527730793,"Bipolar, depression","Family-focused treatment for adolescents, plus medication"
"Uganda","bip_trt_euthymia",2.29298942431553,2.29244061839652,"Bipolar, euthymia","Family-focused treatment for adolescents, plus medication"
"Uganda","bip_trt_manic",2.92119600721508,2.92064720129607,"Bipolar, mania","Family-focused treatment for adolescents, plus medication"
"Uganda","dep_screening_school",1.52161734748083e-05,2.24129653734969e-05,"Mild depression","Indicated prevention"
"Uganda","dep_trt_mild_group",0.00141362644799098,0.000877147244664368,"Mild depression","In-person group CBT"
"Uganda","dep_trt_mild_internet",2.51955580618746,2.51949274964331,"Mild depression","Individual CBT delivered via internet platform"
"Uganda","dep_trt_mild_internet_self",0.351486391371486,0.351457729305964,"Mild depression","Internet-based guided self help"
"Uganda","dep_trt_severe",0.545810322099767,0.544196155135299,"Severe depression","Medication and in-person individual CBT"
"Uganda","suicide_prevention_hospital",0.0321949128515989,0.0321924005845271,"Suicide","Follow-up prevention in hospitals among those who have self-harmed"
"Uganda","suicide_prevention_school",0.00173219752204981,3.91064496811109e-05,"Suicide","Prevention in schools"
"United Kingdom","anx_trt_cbt_group",18.1244519530745,17.9952028333417,"Anxiety","In-person group CBT"
"United Kingdom","anx_trt_cbt_internet_individual",183.055803410701,181.763312213373,"Anxiety","Individual CBT delivered via internet platform"
"United Kingdom","anx_trt_cbt_internet_self",82.4882473369295,81.900751338144,"Anxiety","Internet-based guided self help"
"United Kingdom","anxdep_prevention_school",8.96453118016763,8.9454597981785,"Anxiety and depression","School-based prevention delivered by teachers"
"United Kingdom","bip_trt_depressed",225.460515546908,214.211456009526,"Bipolar, depression","Family-focused treatment for adolescents, plus medication"
"United Kingdom","bip_trt_euthymia",225.03935064877,213.790291111388,"Bipolar, euthymia","Family-focused treatment for adolescents, plus medication"
"United Kingdom","bip_trt_manic",307.177753736913,295.928694199531,"Bipolar, mania","Family-focused treatment for adolescents, plus medication"
"United Kingdom","dep_screening_school",0.815972407099545,0.963487471610047,"Mild depression","Indicated prevention"
"United Kingdom","dep_trt_mild_group",28.9755768410005,17.9791821416222,"Mild depression","In-person group CBT"
"United Kingdom","dep_trt_mild_internet",183.055803410701,181.763312213373,"Mild depression","Individual CBT delivered via internet platform"
"United Kingdom","dep_trt_mild_internet_self",82.4882473369295,81.900751338144,"Mild depression","Internet-based guided self help"
"United Kingdom","dep_trt_severe",545.971366639662,512.885243371661,"Severe depression","Medication and in-person individual CBT"
"United Kingdom","suicide_prevention_hospital",7.57519752526146,7.52370274197745,"Suicide","Follow-up prevention in hospitals among those who have self-harmed"
"United Kingdom","suicide_prevention_school",3.89599816666508,0.801578054318477,"Suicide","Prevention in schools"
"United Republic of Tanzania","anx_trt_cbt_group",0.00140129813873499,0.00139130519928591,"Anxiety","In-person group CBT"
"United Republic of Tanzania","anx_trt_cbt_internet_individual",1.2816014425969,1.28150151320241,"Anxiety","Individual CBT delivered via internet platform"
"United Republic of Tanzania","anx_trt_cbt_internet_self",0.353946002972711,0.35390058052067,"Anxiety","Internet-based guided self help"
"United Republic of Tanzania","anxdep_prevention_school",0.00017849935725054,0.000177024846895487,"Anxiety and depression","School-based prevention delivered by teachers"
"United Republic of Tanzania","bip_trt_depressed",2.82337159945005,2.82250187460358,"Bipolar, depression","Family-focused treatment for adolescents, plus medication"
"United Republic of Tanzania","bip_trt_euthymia",2.30417694053864,2.30330721569217,"Bipolar, euthymia","Family-focused treatment for adolescents, plus medication"
"United Republic of Tanzania","bip_trt_manic",2.94853498787855,2.94766526303207,"Bipolar, mania","Family-focused treatment for adolescents, plus medication"
"United Republic of Tanzania","dep_screening_school",1.52177497967209e-05,2.66229269501671e-05,"Mild depression","Indicated prevention"
"United Republic of Tanzania","dep_trt_mild_group",0.00224025653306328,0.00139006655408186,"Mild depression","In-person group CBT"
"United Republic of Tanzania","dep_trt_mild_internet",1.2816014425969,1.28150151320241,"Mild depression","Individual CBT delivered via internet platform"
"United Republic of Tanzania","dep_trt_mild_internet_self",0.353946002972711,0.35390058052067,"Mild depression","Internet-based guided self help"
"United Republic of Tanzania","dep_trt_severe",0.561374057453559,0.558815992631878,"Severe depression","Medication and in-person individual CBT"
"United Republic of Tanzania","suicide_prevention_hospital",0.0324102854318499,0.0324063040952469,"Suicide","Follow-up prevention in hospitals among those who have self-harmed"
"United Republic of Tanzania","suicide_prevention_school",0.00265890896133012,6.19742786416642e-05,"Suicide","Prevention in schools"
"United States of America","anx_trt_cbt_group",18.4846331620884,18.3528155175621,"Anxiety","In-person group CBT"
"United States of America","anx_trt_cbt_internet_individual",186.655840222907,185.337663777645,"Anxiety","Individual CBT delivered via internet platform"
"United States of America","anx_trt_cbt_internet_self",83.9581604229194,83.3589893114363,"Anxiety","Internet-based guided self help"
"United States of America","anxdep_prevention_school",4.47508978696799,4.455639405744,"Anxiety and depression","School-based prevention delivered by teachers"
"United States of America","bip_trt_depressed",220.266215023378,208.793606665048,"Bipolar, depression","Family-focused treatment for adolescents, plus medication"
"United States of America","bip_trt_euthymia",219.837788661479,208.365180303149,"Bipolar, euthymia","Family-focused treatment for adolescents, plus medication"
"United States of America","bip_trt_manic",275.880936056114,264.408327697784,"Bipolar, mania","Family-focused treatment for adolescents, plus medication"
"United States of America","dep_screening_school",0.397993486536878,0.548440068889724,"Mild depression","Indicated prevention"
"United States of America","dep_trt_mild_group",29.5513988479493,18.3364764519614,"Mild depression","In-person group CBT"
"United States of America","dep_trt_mild_internet",186.655840222907,185.337663777645,"Mild depression","Individual CBT delivered via internet platform"
"United States of America","dep_trt_mild_internet_self",83.9581604229194,83.3589893114363,"Mild depression","Internet-based guided self help"
"United States of America","dep_trt_severe",556.820165919283,523.076533121554,"Severe depression","Medication and in-person individual CBT"
"United States of America","suicide_prevention_hospital",7.72566897467137,7.67315085267626,"Suicide","Follow-up prevention in hospitals among those who have self-harmed"
"United States of America","suicide_prevention_school",3.32018036025037,0.817507548543786,"Suicide","Prevention in schools"
"Viet Nam","anx_trt_cbt_group",8.89813669333568e-05,8.83468228721882e-05,"Anxiety","In-person group CBT"
"Viet Nam","anx_trt_cbt_internet_individual",0.892996748102255,0.892990402661643,"Anxiety","Individual CBT delivered via internet platform"
"Viet Nam","anx_trt_cbt_internet_self",0.316089454481162,0.316086570189974,"Anxiety","Internet-based guided self help"
"Viet Nam","anxdep_prevention_school",0.0494069397809018,0.0494068461506148,"Anxiety and depression","School-based prevention delivered by teachers"
"Viet Nam","bip_trt_depressed",2.53765831638018,2.53760308951335,"Bipolar, depression","Family-focused treatment for adolescents, plus medication"
"Viet Nam","bip_trt_euthymia",2.06566317191527,2.06560794504844,"Bipolar, euthymia","Family-focused treatment for adolescents, plus medication"
"Viet Nam","bip_trt_manic",2.60466471205188,2.60460948518505,"Bipolar, mania","Family-focused treatment for adolescents, plus medication"
"Viet Nam","dep_screening_school",0.00459590633483728,0.00459663055491948,"Mild depression","Indicated prevention"
"Viet Nam","dep_trt_mild_group",0.000142254587430842,8.82681698430038e-05,"Mild depression","In-person group CBT"
"Viet Nam","dep_trt_mild_internet",0.892996748102255,0.892990402661643,"Mild depression","Individual CBT delivered via internet platform"
"Viet Nam","dep_trt_mild_internet_self",0.316089454481162,0.316086570189974,"Mild depression","Internet-based guided self help"
"Viet Nam","dep_trt_severe",0.474673504219315,0.474511069047066,"Severe depression","Medication and in-person individual CBT"
"Viet Nam","suicide_prevention_hospital",0.0289703384652353,0.0289700856533865,"Suicide","Follow-up prevention in hospitals among those who have self-harmed"
"Viet Nam","suicide_prevention_school",0.000377725672346733,3.93531959817076e-06,"Suicide","Prevention in schools"
"Yemen","anx_trt_cbt_group",0.0131496862518293,0.013055913188941,"Anxiety","In-person group CBT"
"Yemen","anx_trt_cbt_internet_individual",1.65953615752324,1.65859842689436,"Anxiety","Individual CBT delivered via internet platform"
"Yemen","anx_trt_cbt_internet_self",0.395325474646272,0.394899233451325,"Anxiety","Internet-based guided self help"
"Yemen","anxdep_prevention_school",0.000303876622793778,0.000290039918092574,"Anxiety and depression","School-based prevention delivered by teachers"
"Yemen","bip_trt_depressed",3.01876888788986,3.01060744919214,"Bipolar, depression","Family-focused treatment for adolescents, plus medication"
"Yemen","bip_trt_euthymia",2.52135862026145,2.51319718156373,"Bipolar, euthymia","Family-focused treatment for adolescents, plus medication"
"Yemen","bip_trt_manic",3.67494694713747,3.66678550843975,"Bipolar, mania","Family-focused treatment for adolescents, plus medication"
"Yemen","dep_screening_school",1.52535659712768e-05,0.00012227897124994,"Mild depression","Indicated prevention"
"Yemen","dep_trt_mild_group",0.0210224146590151,0.0130442898267454,"Mild depression","In-person group CBT"
"Yemen","dep_trt_mild_internet",1.65953615752324,1.65859842689436,"Mild depression","Individual CBT delivered via internet platform"
"Yemen","dep_trt_mild_internet_self",0.395325474646272,0.394899233451325,"Mild depression","Internet-based guided self help"
"Yemen","dep_trt_severe",0.893218869515886,0.869214163531396,"Severe depression","Medication and in-person individual CBT"
"Yemen","suicide_prevention_hospital",0.0359684610135991,0.0359311004221978,"Suicide","Follow-up prevention in hospitals among those who have self-harmed"
"Yemen","suicide_prevention_school",0.0318341180034632,0.000581562407951968,"Suicide","Prevention in schools"
